id,A,B,ref_A,ref_B
0,00002_original.png,00002_HiFiC_lo.png,00002,00002
1,00002_ESRGAN_lo.png,00002_original.png,00002,00002
2,00002_ArNet_lo.png,00002_original.png,00002,00002
3,00002_original.png,00002_HiFiC_mi.png,00002,00002
4,00002_ESRGAN_mi.png,00002_original.png,00002,00002
5,00002_original.png,00002_ArNet_mi.png,00002,00002
6,00002_HiFiC_hi.png,00002_original.png,00002,00002
7,00002_original.png,00002_ESRGAN_hi.png,00002,00002
8,00002_ArNet_hi.png,00002_original.png,00002,00002
9,00002_ESRGAN_lo.png,00002_HiFiC_lo.png,00002,00002
10,00002_HiFiC_lo.png,00002_ArNet_lo.png,00002,00002
11,00002_HiFiC_lo.png,00002_HiFiC_mi.png,00002,00002
12,00002_ESRGAN_mi.png,00002_HiFiC_lo.png,00002,00002
13,00002_HiFiC_lo.png,00002_ArNet_mi.png,00002,00002
14,00002_HiFiC_hi.png,00002_HiFiC_lo.png,00002,00002
15,00002_ESRGAN_hi.png,00002_HiFiC_lo.png,00002,00002
16,00002_HiFiC_lo.png,00002_ArNet_hi.png,00002,00002
17,00002_ESRGAN_lo.png,00002_ArNet_lo.png,00002,00002
18,00002_ESRGAN_lo.png,00002_HiFiC_mi.png,00002,00002
19,00002_ESRGAN_mi.png,00002_ESRGAN_lo.png,00002,00002
20,00002_ArNet_mi.png,00002_ESRGAN_lo.png,00002,00002
21,00002_ESRGAN_lo.png,00002_HiFiC_hi.png,00002,00002
22,00002_ESRGAN_hi.png,00002_ESRGAN_lo.png,00002,00002
23,00002_ESRGAN_lo.png,00002_ArNet_hi.png,00002,00002
24,00002_HiFiC_mi.png,00002_ArNet_lo.png,00002,00002
25,00002_ESRGAN_mi.png,00002_ArNet_lo.png,00002,00002
26,00002_ArNet_mi.png,00002_ArNet_lo.png,00002,00002
27,00002_HiFiC_hi.png,00002_ArNet_lo.png,00002,00002
28,00002_ESRGAN_hi.png,00002_ArNet_lo.png,00002,00002
29,00002_ArNet_hi.png,00002_ArNet_lo.png,00002,00002
30,00002_ESRGAN_mi.png,00002_HiFiC_mi.png,00002,00002
31,00002_ArNet_mi.png,00002_HiFiC_mi.png,00002,00002
32,00002_HiFiC_mi.png,00002_HiFiC_hi.png,00002,00002
33,00002_ESRGAN_hi.png,00002_HiFiC_mi.png,00002,00002
34,00002_ArNet_hi.png,00002_HiFiC_mi.png,00002,00002
35,00002_ESRGAN_mi.png,00002_ArNet_mi.png,00002,00002
36,00002_ESRGAN_mi.png,00002_HiFiC_hi.png,00002,00002
37,00002_ESRGAN_mi.png,00002_ESRGAN_hi.png,00002,00002
38,00002_ESRGAN_mi.png,00002_ArNet_hi.png,00002,00002
39,00002_HiFiC_hi.png,00002_ArNet_mi.png,00002,00002
40,00002_ArNet_mi.png,00002_ESRGAN_hi.png,00002,00002
41,00002_ArNet_hi.png,00002_ArNet_mi.png,00002,00002
42,00002_HiFiC_hi.png,00002_ESRGAN_hi.png,00002,00002
43,00002_HiFiC_hi.png,00002_ArNet_hi.png,00002,00002
44,00002_ArNet_hi.png,00002_ESRGAN_hi.png,00002,00002
45,00004_original.png,00004_HiFiC_lo.png,00004,00004
46,00004_ESRGAN_lo.png,00004_original.png,00004,00004
47,00004_original.png,00004_ArNet_lo.png,00004,00004
48,00004_original.png,00004_HiFiC_mi.png,00004,00004
49,00004_ESRGAN_mi.png,00004_original.png,00004,00004
50,00004_ArNet_mi.png,00004_original.png,00004,00004
51,00004_HiFiC_hi.png,00004_original.png,00004,00004
52,00004_ESRGAN_hi.png,00004_original.png,00004,00004
53,00004_original.png,00004_ArNet_hi.png,00004,00004
54,00004_HiFiC_lo.png,00004_ESRGAN_lo.png,00004,00004
55,00004_HiFiC_lo.png,00004_ArNet_lo.png,00004,00004
56,00004_HiFiC_mi.png,00004_HiFiC_lo.png,00004,00004
57,00004_HiFiC_lo.png,00004_ESRGAN_mi.png,00004,00004
58,00004_HiFiC_lo.png,00004_ArNet_mi.png,00004,00004
59,00004_HiFiC_hi.png,00004_HiFiC_lo.png,00004,00004
60,00004_HiFiC_lo.png,00004_ESRGAN_hi.png,00004,00004
61,00004_HiFiC_lo.png,00004_ArNet_hi.png,00004,00004
62,00004_ESRGAN_lo.png,00004_ArNet_lo.png,00004,00004
63,00004_ESRGAN_lo.png,00004_HiFiC_mi.png,00004,00004
64,00004_ESRGAN_mi.png,00004_ESRGAN_lo.png,00004,00004
65,00004_ArNet_mi.png,00004_ESRGAN_lo.png,00004,00004
66,00004_HiFiC_hi.png,00004_ESRGAN_lo.png,00004,00004
67,00004_ESRGAN_lo.png,00004_ESRGAN_hi.png,00004,00004
68,00004_ArNet_hi.png,00004_ESRGAN_lo.png,00004,00004
69,00004_HiFiC_mi.png,00004_ArNet_lo.png,00004,00004
70,00004_ArNet_lo.png,00004_ESRGAN_mi.png,00004,00004
71,00004_ArNet_mi.png,00004_ArNet_lo.png,00004,00004
72,00004_ArNet_lo.png,00004_HiFiC_hi.png,00004,00004
73,00004_ArNet_lo.png,00004_ESRGAN_hi.png,00004,00004
74,00004_ArNet_lo.png,00004_ArNet_hi.png,00004,00004
75,00004_HiFiC_mi.png,00004_ESRGAN_mi.png,00004,00004
76,00004_ArNet_mi.png,00004_HiFiC_mi.png,00004,00004
77,00004_HiFiC_mi.png,00004_HiFiC_hi.png,00004,00004
78,00004_ESRGAN_hi.png,00004_HiFiC_mi.png,00004,00004
79,00004_ArNet_hi.png,00004_HiFiC_mi.png,00004,00004
80,00004_ArNet_mi.png,00004_ESRGAN_mi.png,00004,00004
81,00004_HiFiC_hi.png,00004_ESRGAN_mi.png,00004,00004
82,00004_ESRGAN_hi.png,00004_ESRGAN_mi.png,00004,00004
83,00004_ArNet_hi.png,00004_ESRGAN_mi.png,00004,00004
84,00004_ArNet_mi.png,00004_HiFiC_hi.png,00004,00004
85,00004_ESRGAN_hi.png,00004_ArNet_mi.png,00004,00004
86,00004_ArNet_hi.png,00004_ArNet_mi.png,00004,00004
87,00004_ESRGAN_hi.png,00004_HiFiC_hi.png,00004,00004
88,00004_HiFiC_hi.png,00004_ArNet_hi.png,00004,00004
89,00004_ArNet_hi.png,00004_ESRGAN_hi.png,00004,00004
90,00005_original.png,00005_HiFiC_lo.png,00005,00005
91,00005_ESRGAN_lo.png,00005_original.png,00005,00005
92,00005_ArNet_lo.png,00005_original.png,00005,00005
93,00005_original.png,00005_HiFiC_mi.png,00005,00005
94,00005_ESRGAN_mi.png,00005_original.png,00005,00005
95,00005_original.png,00005_ArNet_mi.png,00005,00005
96,00005_HiFiC_hi.png,00005_original.png,00005,00005
97,00005_original.png,00005_ESRGAN_hi.png,00005,00005
98,00005_original.png,00005_ArNet_hi.png,00005,00005
99,00005_HiFiC_lo.png,00005_ESRGAN_lo.png,00005,00005
100,00005_HiFiC_lo.png,00005_ArNet_lo.png,00005,00005
101,00005_HiFiC_lo.png,00005_HiFiC_mi.png,00005,00005
102,00005_HiFiC_lo.png,00005_ESRGAN_mi.png,00005,00005
103,00005_ArNet_mi.png,00005_HiFiC_lo.png,00005,00005
104,00005_HiFiC_lo.png,00005_HiFiC_hi.png,00005,00005
105,00005_ESRGAN_hi.png,00005_HiFiC_lo.png,00005,00005
106,00005_HiFiC_lo.png,00005_ArNet_hi.png,00005,00005
107,00005_ArNet_lo.png,00005_ESRGAN_lo.png,00005,00005
108,00005_ESRGAN_lo.png,00005_HiFiC_mi.png,00005,00005
109,00005_ESRGAN_lo.png,00005_ESRGAN_mi.png,00005,00005
110,00005_ArNet_mi.png,00005_ESRGAN_lo.png,00005,00005
111,00005_HiFiC_hi.png,00005_ESRGAN_lo.png,00005,00005
112,00005_ESRGAN_lo.png,00005_ESRGAN_hi.png,00005,00005
113,00005_ArNet_hi.png,00005_ESRGAN_lo.png,00005,00005
114,00005_HiFiC_mi.png,00005_ArNet_lo.png,00005,00005
115,00005_ArNet_lo.png,00005_ESRGAN_mi.png,00005,00005
116,00005_ArNet_mi.png,00005_ArNet_lo.png,00005,00005
117,00005_ArNet_lo.png,00005_HiFiC_hi.png,00005,00005
118,00005_ArNet_lo.png,00005_ESRGAN_hi.png,00005,00005
119,00005_ArNet_lo.png,00005_ArNet_hi.png,00005,00005
120,00005_ESRGAN_mi.png,00005_HiFiC_mi.png,00005,00005
121,00005_HiFiC_mi.png,00005_ArNet_mi.png,00005,00005
122,00005_HiFiC_mi.png,00005_HiFiC_hi.png,00005,00005
123,00005_ESRGAN_hi.png,00005_HiFiC_mi.png,00005,00005
124,00005_HiFiC_mi.png,00005_ArNet_hi.png,00005,00005
125,00005_ESRGAN_mi.png,00005_ArNet_mi.png,00005,00005
126,00005_ESRGAN_mi.png,00005_HiFiC_hi.png,00005,00005
127,00005_ESRGAN_hi.png,00005_ESRGAN_mi.png,00005,00005
128,00005_ESRGAN_mi.png,00005_ArNet_hi.png,00005,00005
129,00005_HiFiC_hi.png,00005_ArNet_mi.png,00005,00005
130,00005_ESRGAN_hi.png,00005_ArNet_mi.png,00005,00005
131,00005_ArNet_mi.png,00005_ArNet_hi.png,00005,00005
132,00005_ESRGAN_hi.png,00005_HiFiC_hi.png,00005,00005
133,00005_HiFiC_hi.png,00005_ArNet_hi.png,00005,00005
134,00005_ESRGAN_hi.png,00005_ArNet_hi.png,00005,00005
135,00006_HiFiC_lo.png,00006_original.png,00006,00006
136,00006_ESRGAN_lo.png,00006_original.png,00006,00006
137,00006_ArNet_lo.png,00006_original.png,00006,00006
138,00006_HiFiC_mi.png,00006_original.png,00006,00006
139,00006_ESRGAN_mi.png,00006_original.png,00006,00006
140,00006_ArNet_mi.png,00006_original.png,00006,00006
141,00006_original.png,00006_HiFiC_hi.png,00006,00006
142,00006_ESRGAN_hi.png,00006_original.png,00006,00006
143,00006_original.png,00006_ArNet_hi.png,00006,00006
144,00006_ESRGAN_lo.png,00006_HiFiC_lo.png,00006,00006
145,00006_HiFiC_lo.png,00006_ArNet_lo.png,00006,00006
146,00006_HiFiC_mi.png,00006_HiFiC_lo.png,00006,00006
147,00006_ESRGAN_mi.png,00006_HiFiC_lo.png,00006,00006
148,00006_HiFiC_lo.png,00006_ArNet_mi.png,00006,00006
149,00006_HiFiC_hi.png,00006_HiFiC_lo.png,00006,00006
150,00006_HiFiC_lo.png,00006_ESRGAN_hi.png,00006,00006
151,00006_ArNet_hi.png,00006_HiFiC_lo.png,00006,00006
152,00006_ArNet_lo.png,00006_ESRGAN_lo.png,00006,00006
153,00006_HiFiC_mi.png,00006_ESRGAN_lo.png,00006,00006
154,00006_ESRGAN_mi.png,00006_ESRGAN_lo.png,00006,00006
155,00006_ArNet_mi.png,00006_ESRGAN_lo.png,00006,00006
156,00006_HiFiC_hi.png,00006_ESRGAN_lo.png,00006,00006
157,00006_ESRGAN_hi.png,00006_ESRGAN_lo.png,00006,00006
158,00006_ESRGAN_lo.png,00006_ArNet_hi.png,00006,00006
159,00006_ArNet_lo.png,00006_HiFiC_mi.png,00006,00006
160,00006_ArNet_lo.png,00006_ESRGAN_mi.png,00006,00006
161,00006_ArNet_mi.png,00006_ArNet_lo.png,00006,00006
162,00006_ArNet_lo.png,00006_HiFiC_hi.png,00006,00006
163,00006_ESRGAN_hi.png,00006_ArNet_lo.png,00006,00006
164,00006_ArNet_hi.png,00006_ArNet_lo.png,00006,00006
165,00006_HiFiC_mi.png,00006_ESRGAN_mi.png,00006,00006
166,00006_ArNet_mi.png,00006_HiFiC_mi.png,00006,00006
167,00006_HiFiC_mi.png,00006_HiFiC_hi.png,00006,00006
168,00006_HiFiC_mi.png,00006_ESRGAN_hi.png,00006,00006
169,00006_ArNet_hi.png,00006_HiFiC_mi.png,00006,00006
170,00006_ESRGAN_mi.png,00006_ArNet_mi.png,00006,00006
171,00006_HiFiC_hi.png,00006_ESRGAN_mi.png,00006,00006
172,00006_ESRGAN_mi.png,00006_ESRGAN_hi.png,00006,00006
173,00006_ArNet_hi.png,00006_ESRGAN_mi.png,00006,00006
174,00006_HiFiC_hi.png,00006_ArNet_mi.png,00006,00006
175,00006_ArNet_mi.png,00006_ESRGAN_hi.png,00006,00006
176,00006_ArNet_mi.png,00006_ArNet_hi.png,00006,00006
177,00006_HiFiC_hi.png,00006_ESRGAN_hi.png,00006,00006
178,00006_HiFiC_hi.png,00006_ArNet_hi.png,00006,00006
179,00006_ESRGAN_hi.png,00006_ArNet_hi.png,00006,00006
180,00008_HiFiC_lo.png,00008_original.png,00008,00008
181,00008_original.png,00008_ESRGAN_lo.png,00008,00008
182,00008_original.png,00008_ArNet_lo.png,00008,00008
183,00008_original.png,00008_HiFiC_mi.png,00008,00008
184,00008_ESRGAN_mi.png,00008_original.png,00008,00008
185,00008_original.png,00008_ArNet_mi.png,00008,00008
186,00008_HiFiC_hi.png,00008_original.png,00008,00008
187,00008_ESRGAN_hi.png,00008_original.png,00008,00008
188,00008_ArNet_hi.png,00008_original.png,00008,00008
189,00008_ESRGAN_lo.png,00008_HiFiC_lo.png,00008,00008
190,00008_ArNet_lo.png,00008_HiFiC_lo.png,00008,00008
191,00008_HiFiC_lo.png,00008_HiFiC_mi.png,00008,00008
192,00008_ESRGAN_mi.png,00008_HiFiC_lo.png,00008,00008
193,00008_HiFiC_lo.png,00008_ArNet_mi.png,00008,00008
194,00008_HiFiC_hi.png,00008_HiFiC_lo.png,00008,00008
195,00008_HiFiC_lo.png,00008_ESRGAN_hi.png,00008,00008
196,00008_HiFiC_lo.png,00008_ArNet_hi.png,00008,00008
197,00008_ESRGAN_lo.png,00008_ArNet_lo.png,00008,00008
198,00008_HiFiC_mi.png,00008_ESRGAN_lo.png,00008,00008
199,00008_ESRGAN_mi.png,00008_ESRGAN_lo.png,00008,00008
200,00008_ESRGAN_lo.png,00008_ArNet_mi.png,00008,00008
201,00008_HiFiC_hi.png,00008_ESRGAN_lo.png,00008,00008
202,00008_ESRGAN_hi.png,00008_ESRGAN_lo.png,00008,00008
203,00008_ESRGAN_lo.png,00008_ArNet_hi.png,00008,00008
204,00008_ArNet_lo.png,00008_HiFiC_mi.png,00008,00008
205,00008_ESRGAN_mi.png,00008_ArNet_lo.png,00008,00008
206,00008_ArNet_mi.png,00008_ArNet_lo.png,00008,00008
207,00008_ArNet_lo.png,00008_HiFiC_hi.png,00008,00008
208,00008_ArNet_lo.png,00008_ESRGAN_hi.png,00008,00008
209,00008_ArNet_lo.png,00008_ArNet_hi.png,00008,00008
210,00008_ESRGAN_mi.png,00008_HiFiC_mi.png,00008,00008
211,00008_HiFiC_mi.png,00008_ArNet_mi.png,00008,00008
212,00008_HiFiC_hi.png,00008_HiFiC_mi.png,00008,00008
213,00008_ESRGAN_hi.png,00008_HiFiC_mi.png,00008,00008
214,00008_ArNet_hi.png,00008_HiFiC_mi.png,00008,00008
215,00008_ArNet_mi.png,00008_ESRGAN_mi.png,00008,00008
216,00008_HiFiC_hi.png,00008_ESRGAN_mi.png,00008,00008
217,00008_ESRGAN_mi.png,00008_ESRGAN_hi.png,00008,00008
218,00008_ArNet_hi.png,00008_ESRGAN_mi.png,00008,00008
219,00008_ArNet_mi.png,00008_HiFiC_hi.png,00008,00008
220,00008_ESRGAN_hi.png,00008_ArNet_mi.png,00008,00008
221,00008_ArNet_hi.png,00008_ArNet_mi.png,00008,00008
222,00008_ESRGAN_hi.png,00008_HiFiC_hi.png,00008,00008
223,00008_ArNet_hi.png,00008_HiFiC_hi.png,00008,00008
224,00008_ArNet_hi.png,00008_ESRGAN_hi.png,00008,00008
225,00009_original.png,00009_HiFiC_lo.png,00009,00009
226,00009_original.png,00009_ESRGAN_lo.png,00009,00009
227,00009_original.png,00009_ArNet_lo.png,00009,00009
228,00009_HiFiC_mi.png,00009_original.png,00009,00009
229,00009_ESRGAN_mi.png,00009_original.png,00009,00009
230,00009_original.png,00009_ArNet_mi.png,00009,00009
231,00009_HiFiC_hi.png,00009_original.png,00009,00009
232,00009_ESRGAN_hi.png,00009_original.png,00009,00009
233,00009_ArNet_hi.png,00009_original.png,00009,00009
234,00009_ESRGAN_lo.png,00009_HiFiC_lo.png,00009,00009
235,00009_HiFiC_lo.png,00009_ArNet_lo.png,00009,00009
236,00009_HiFiC_lo.png,00009_HiFiC_mi.png,00009,00009
237,00009_HiFiC_lo.png,00009_ESRGAN_mi.png,00009,00009
238,00009_HiFiC_lo.png,00009_ArNet_mi.png,00009,00009
239,00009_HiFiC_lo.png,00009_HiFiC_hi.png,00009,00009
240,00009_HiFiC_lo.png,00009_ESRGAN_hi.png,00009,00009
241,00009_ArNet_hi.png,00009_HiFiC_lo.png,00009,00009
242,00009_ArNet_lo.png,00009_ESRGAN_lo.png,00009,00009
243,00009_HiFiC_mi.png,00009_ESRGAN_lo.png,00009,00009
244,00009_ESRGAN_lo.png,00009_ESRGAN_mi.png,00009,00009
245,00009_ArNet_mi.png,00009_ESRGAN_lo.png,00009,00009
246,00009_ESRGAN_lo.png,00009_HiFiC_hi.png,00009,00009
247,00009_ESRGAN_lo.png,00009_ESRGAN_hi.png,00009,00009
248,00009_ArNet_hi.png,00009_ESRGAN_lo.png,00009,00009
249,00009_ArNet_lo.png,00009_HiFiC_mi.png,00009,00009
250,00009_ArNet_lo.png,00009_ESRGAN_mi.png,00009,00009
251,00009_ArNet_lo.png,00009_ArNet_mi.png,00009,00009
252,00009_ArNet_lo.png,00009_HiFiC_hi.png,00009,00009
253,00009_ESRGAN_hi.png,00009_ArNet_lo.png,00009,00009
254,00009_ArNet_hi.png,00009_ArNet_lo.png,00009,00009
255,00009_HiFiC_mi.png,00009_ESRGAN_mi.png,00009,00009
256,00009_ArNet_mi.png,00009_HiFiC_mi.png,00009,00009
257,00009_HiFiC_mi.png,00009_HiFiC_hi.png,00009,00009
258,00009_ESRGAN_hi.png,00009_HiFiC_mi.png,00009,00009
259,00009_ArNet_hi.png,00009_HiFiC_mi.png,00009,00009
260,00009_ArNet_mi.png,00009_ESRGAN_mi.png,00009,00009
261,00009_ESRGAN_mi.png,00009_HiFiC_hi.png,00009,00009
262,00009_ESRGAN_mi.png,00009_ESRGAN_hi.png,00009,00009
263,00009_ArNet_hi.png,00009_ESRGAN_mi.png,00009,00009
264,00009_ArNet_mi.png,00009_HiFiC_hi.png,00009,00009
265,00009_ArNet_mi.png,00009_ESRGAN_hi.png,00009,00009
266,00009_ArNet_hi.png,00009_ArNet_mi.png,00009,00009
267,00009_ESRGAN_hi.png,00009_HiFiC_hi.png,00009,00009
268,00009_ArNet_hi.png,00009_HiFiC_hi.png,00009,00009
269,00009_ESRGAN_hi.png,00009_ArNet_hi.png,00009,00009
270,00010_original.png,00010_HiFiC_lo.png,00010,00010
271,00010_original.png,00010_ESRGAN_lo.png,00010,00010
272,00010_original.png,00010_ArNet_lo.png,00010,00010
273,00010_original.png,00010_HiFiC_mi.png,00010,00010
274,00010_ESRGAN_mi.png,00010_original.png,00010,00010
275,00010_original.png,00010_ArNet_mi.png,00010,00010
276,00010_original.png,00010_HiFiC_hi.png,00010,00010
277,00010_original.png,00010_ESRGAN_hi.png,00010,00010
278,00010_original.png,00010_ArNet_hi.png,00010,00010
279,00010_HiFiC_lo.png,00010_ESRGAN_lo.png,00010,00010
280,00010_HiFiC_lo.png,00010_ArNet_lo.png,00010,00010
281,00010_HiFiC_lo.png,00010_HiFiC_mi.png,00010,00010
282,00010_ESRGAN_mi.png,00010_HiFiC_lo.png,00010,00010
283,00010_HiFiC_lo.png,00010_ArNet_mi.png,00010,00010
284,00010_HiFiC_lo.png,00010_HiFiC_hi.png,00010,00010
285,00010_ESRGAN_hi.png,00010_HiFiC_lo.png,00010,00010
286,00010_HiFiC_lo.png,00010_ArNet_hi.png,00010,00010
287,00010_ESRGAN_lo.png,00010_ArNet_lo.png,00010,00010
288,00010_ESRGAN_lo.png,00010_HiFiC_mi.png,00010,00010
289,00010_ESRGAN_mi.png,00010_ESRGAN_lo.png,00010,00010
290,00010_ESRGAN_lo.png,00010_ArNet_mi.png,00010,00010
291,00010_HiFiC_hi.png,00010_ESRGAN_lo.png,00010,00010
292,00010_ESRGAN_hi.png,00010_ESRGAN_lo.png,00010,00010
293,00010_ArNet_hi.png,00010_ESRGAN_lo.png,00010,00010
294,00010_HiFiC_mi.png,00010_ArNet_lo.png,00010,00010
295,00010_ESRGAN_mi.png,00010_ArNet_lo.png,00010,00010
296,00010_ArNet_lo.png,00010_ArNet_mi.png,00010,00010
297,00010_ArNet_lo.png,00010_HiFiC_hi.png,00010,00010
298,00010_ESRGAN_hi.png,00010_ArNet_lo.png,00010,00010
299,00010_ArNet_lo.png,00010_ArNet_hi.png,00010,00010
300,00010_HiFiC_mi.png,00010_ESRGAN_mi.png,00010,00010
301,00010_ArNet_mi.png,00010_HiFiC_mi.png,00010,00010
302,00010_HiFiC_mi.png,00010_HiFiC_hi.png,00010,00010
303,00010_HiFiC_mi.png,00010_ESRGAN_hi.png,00010,00010
304,00010_HiFiC_mi.png,00010_ArNet_hi.png,00010,00010
305,00010_ESRGAN_mi.png,00010_ArNet_mi.png,00010,00010
306,00010_HiFiC_hi.png,00010_ESRGAN_mi.png,00010,00010
307,00010_ESRGAN_hi.png,00010_ESRGAN_mi.png,00010,00010
308,00010_ESRGAN_mi.png,00010_ArNet_hi.png,00010,00010
309,00010_ArNet_mi.png,00010_HiFiC_hi.png,00010,00010
310,00010_ArNet_mi.png,00010_ESRGAN_hi.png,00010,00010
311,00010_ArNet_hi.png,00010_ArNet_mi.png,00010,00010
312,00010_HiFiC_hi.png,00010_ESRGAN_hi.png,00010,00010
313,00010_HiFiC_hi.png,00010_ArNet_hi.png,00010,00010
314,00010_ESRGAN_hi.png,00010_ArNet_hi.png,00010,00010
315,00012_original.png,00012_HiFiC_lo.png,00012,00012
316,00012_ESRGAN_lo.png,00012_original.png,00012,00012
317,00012_ArNet_lo.png,00012_original.png,00012,00012
318,00012_original.png,00012_HiFiC_mi.png,00012,00012
319,00012_ESRGAN_mi.png,00012_original.png,00012,00012
320,00012_ArNet_mi.png,00012_original.png,00012,00012
321,00012_HiFiC_hi.png,00012_original.png,00012,00012
322,00012_original.png,00012_ESRGAN_hi.png,00012,00012
323,00012_original.png,00012_ArNet_hi.png,00012,00012
324,00012_ESRGAN_lo.png,00012_HiFiC_lo.png,00012,00012
325,00012_ArNet_lo.png,00012_HiFiC_lo.png,00012,00012
326,00012_HiFiC_mi.png,00012_HiFiC_lo.png,00012,00012
327,00012_ESRGAN_mi.png,00012_HiFiC_lo.png,00012,00012
328,00012_HiFiC_lo.png,00012_ArNet_mi.png,00012,00012
329,00012_HiFiC_lo.png,00012_HiFiC_hi.png,00012,00012
330,00012_ESRGAN_hi.png,00012_HiFiC_lo.png,00012,00012
331,00012_HiFiC_lo.png,00012_ArNet_hi.png,00012,00012
332,00012_ESRGAN_lo.png,00012_ArNet_lo.png,00012,00012
333,00012_ESRGAN_lo.png,00012_HiFiC_mi.png,00012,00012
334,00012_ESRGAN_mi.png,00012_ESRGAN_lo.png,00012,00012
335,00012_ArNet_mi.png,00012_ESRGAN_lo.png,00012,00012
336,00012_HiFiC_hi.png,00012_ESRGAN_lo.png,00012,00012
337,00012_ESRGAN_lo.png,00012_ESRGAN_hi.png,00012,00012
338,00012_ESRGAN_lo.png,00012_ArNet_hi.png,00012,00012
339,00012_HiFiC_mi.png,00012_ArNet_lo.png,00012,00012
340,00012_ESRGAN_mi.png,00012_ArNet_lo.png,00012,00012
341,00012_ArNet_lo.png,00012_ArNet_mi.png,00012,00012
342,00012_ArNet_lo.png,00012_HiFiC_hi.png,00012,00012
343,00012_ArNet_lo.png,00012_ESRGAN_hi.png,00012,00012
344,00012_ArNet_lo.png,00012_ArNet_hi.png,00012,00012
345,00012_ESRGAN_mi.png,00012_HiFiC_mi.png,00012,00012
346,00012_ArNet_mi.png,00012_HiFiC_mi.png,00012,00012
347,00012_HiFiC_mi.png,00012_HiFiC_hi.png,00012,00012
348,00012_ESRGAN_hi.png,00012_HiFiC_mi.png,00012,00012
349,00012_HiFiC_mi.png,00012_ArNet_hi.png,00012,00012
350,00012_ESRGAN_mi.png,00012_ArNet_mi.png,00012,00012
351,00012_ESRGAN_mi.png,00012_HiFiC_hi.png,00012,00012
352,00012_ESRGAN_hi.png,00012_ESRGAN_mi.png,00012,00012
353,00012_ESRGAN_mi.png,00012_ArNet_hi.png,00012,00012
354,00012_ArNet_mi.png,00012_HiFiC_hi.png,00012,00012
355,00012_ArNet_mi.png,00012_ESRGAN_hi.png,00012,00012
356,00012_ArNet_mi.png,00012_ArNet_hi.png,00012,00012
357,00012_ESRGAN_hi.png,00012_HiFiC_hi.png,00012,00012
358,00012_ArNet_hi.png,00012_HiFiC_hi.png,00012,00012
359,00012_ESRGAN_hi.png,00012_ArNet_hi.png,00012,00012
360,00004_HiFiC_lo.png,00002_HiFiC_lo.png,00004,00002
361,00002_ESRGAN_lo.png,00004_ESRGAN_lo.png,00002,00004
362,00004_ArNet_lo.png,00002_ArNet_lo.png,00004,00002
363,00002_HiFiC_mi.png,00004_HiFiC_mi.png,00002,00004
364,00004_ESRGAN_mi.png,00002_ESRGAN_mi.png,00004,00002
365,00002_ArNet_mi.png,00004_ArNet_mi.png,00002,00004
366,00002_HiFiC_hi.png,00004_HiFiC_hi.png,00002,00004
367,00004_ESRGAN_hi.png,00002_ESRGAN_hi.png,00004,00002
368,00004_ArNet_hi.png,00002_ArNet_hi.png,00004,00002
369,00005_HiFiC_lo.png,00004_HiFiC_lo.png,00005,00004
370,00005_ESRGAN_lo.png,00004_ESRGAN_lo.png,00005,00004
371,00005_ArNet_lo.png,00004_ArNet_lo.png,00005,00004
372,00004_HiFiC_mi.png,00005_HiFiC_mi.png,00004,00005
373,00004_ESRGAN_mi.png,00005_ESRGAN_mi.png,00004,00005
374,00005_ArNet_mi.png,00004_ArNet_mi.png,00005,00004
375,00005_HiFiC_hi.png,00004_HiFiC_hi.png,00005,00004
376,00004_ESRGAN_hi.png,00005_ESRGAN_hi.png,00004,00005
377,00005_ArNet_hi.png,00004_ArNet_hi.png,00005,00004
378,00006_HiFiC_lo.png,00005_HiFiC_lo.png,00006,00005
379,00006_ESRGAN_lo.png,00005_ESRGAN_lo.png,00006,00005
380,00005_ArNet_lo.png,00006_ArNet_lo.png,00005,00006
381,00006_HiFiC_mi.png,00005_HiFiC_mi.png,00006,00005
382,00006_ESRGAN_mi.png,00005_ESRGAN_mi.png,00006,00005
383,00006_ArNet_mi.png,00005_ArNet_mi.png,00006,00005
384,00005_HiFiC_hi.png,00006_HiFiC_hi.png,00005,00006
385,00005_ESRGAN_hi.png,00006_ESRGAN_hi.png,00005,00006
386,00006_ArNet_hi.png,00005_ArNet_hi.png,00006,00005
387,00006_HiFiC_lo.png,00008_HiFiC_lo.png,00006,00008
388,00006_ESRGAN_lo.png,00008_ESRGAN_lo.png,00006,00008
389,00006_ArNet_lo.png,00008_ArNet_lo.png,00006,00008
390,00006_HiFiC_mi.png,00008_HiFiC_mi.png,00006,00008
391,00008_ESRGAN_mi.png,00006_ESRGAN_mi.png,00008,00006
392,00006_ArNet_mi.png,00008_ArNet_mi.png,00006,00008
393,00006_HiFiC_hi.png,00008_HiFiC_hi.png,00006,00008
394,00008_ESRGAN_hi.png,00006_ESRGAN_hi.png,00008,00006
395,00008_ArNet_hi.png,00006_ArNet_hi.png,00008,00006
396,00009_HiFiC_lo.png,00008_HiFiC_lo.png,00009,00008
397,00008_ESRGAN_lo.png,00009_ESRGAN_lo.png,00008,00009
398,00008_ArNet_lo.png,00009_ArNet_lo.png,00008,00009
399,00009_HiFiC_mi.png,00008_HiFiC_mi.png,00009,00008
400,00008_ESRGAN_mi.png,00009_ESRGAN_mi.png,00008,00009
401,00008_ArNet_mi.png,00009_ArNet_mi.png,00008,00009
402,00009_HiFiC_hi.png,00008_HiFiC_hi.png,00009,00008
403,00009_ESRGAN_hi.png,00008_ESRGAN_hi.png,00009,00008
404,00009_ArNet_hi.png,00008_ArNet_hi.png,00009,00008
405,00009_HiFiC_lo.png,00010_HiFiC_lo.png,00009,00010
406,00010_ESRGAN_lo.png,00009_ESRGAN_lo.png,00010,00009
407,00010_ArNet_lo.png,00009_ArNet_lo.png,00010,00009
408,00010_HiFiC_mi.png,00009_HiFiC_mi.png,00010,00009
409,00009_ESRGAN_mi.png,00010_ESRGAN_mi.png,00009,00010
410,00009_ArNet_mi.png,00010_ArNet_mi.png,00009,00010
411,00009_HiFiC_hi.png,00010_HiFiC_hi.png,00009,00010
412,00009_ESRGAN_hi.png,00010_ESRGAN_hi.png,00009,00010
413,00010_ArNet_hi.png,00009_ArNet_hi.png,00010,00009
414,00012_HiFiC_lo.png,00010_HiFiC_lo.png,00012,00010
415,00012_ESRGAN_lo.png,00010_ESRGAN_lo.png,00012,00010
416,00010_ArNet_lo.png,00012_ArNet_lo.png,00010,00012
417,00012_HiFiC_mi.png,00010_HiFiC_mi.png,00012,00010
418,00010_ESRGAN_mi.png,00012_ESRGAN_mi.png,00010,00012
419,00012_ArNet_mi.png,00010_ArNet_mi.png,00012,00010
420,00010_HiFiC_hi.png,00012_HiFiC_hi.png,00010,00012
421,00012_ESRGAN_hi.png,00010_ESRGAN_hi.png,00012,00010
422,00012_ArNet_hi.png,00010_ArNet_hi.png,00012,00010
423,00012_HiFiC_lo.png,00002_HiFiC_lo.png,00012,00002
424,00012_ESRGAN_lo.png,00002_ESRGAN_lo.png,00012,00002
425,00012_ArNet_lo.png,00002_ArNet_lo.png,00012,00002
426,00012_HiFiC_mi.png,00002_HiFiC_mi.png,00012,00002
427,00012_ESRGAN_mi.png,00002_ESRGAN_mi.png,00012,00002
428,00012_ArNet_mi.png,00002_ArNet_mi.png,00012,00002
429,00002_HiFiC_hi.png,00012_HiFiC_hi.png,00002,00012
430,00012_ESRGAN_hi.png,00002_ESRGAN_hi.png,00012,00002
431,00012_ArNet_hi.png,00002_ArNet_hi.png,00012,00002
432,00002_HiFiC_lo.png,00002_hevc_lo.png,00002,00002
433,00002_hevc_mi.png,00002_HiFiC_mi.png,00002,00002
434,00002_HiFiC_hi.png,00002_hevc_hi.png,00002,00002
435,00004_hevc_lo.png,00004_HiFiC_lo.png,00004,00004
436,00004_HiFiC_mi.png,00004_hevc_mi.png,00004,00004
437,00004_hevc_hi.png,00004_HiFiC_hi.png,00004,00004
438,00005_HiFiC_lo.png,00005_hevc_lo.png,00005,00005
439,00005_hevc_mi.png,00005_HiFiC_mi.png,00005,00005
440,00005_HiFiC_hi.png,00005_hevc_hi.png,00005,00005
441,00006_hevc_lo.png,00006_HiFiC_lo.png,00006,00006
442,00006_hevc_mi.png,00006_HiFiC_mi.png,00006,00006
443,00006_HiFiC_hi.png,00006_hevc_hi.png,00006,00006
444,00008_HiFiC_lo.png,00008_hevc_lo.png,00008,00008
445,00008_HiFiC_mi.png,00008_hevc_mi.png,00008,00008
446,00008_HiFiC_hi.png,00008_hevc_hi.png,00008,00008
447,00009_HiFiC_lo.png,00009_hevc_lo.png,00009,00009
448,00009_HiFiC_mi.png,00009_hevc_mi.png,00009,00009
449,00009_hevc_hi.png,00009_HiFiC_hi.png,00009,00009
450,00010_HiFiC_lo.png,00010_hevc_lo.png,00010,00010
451,00010_hevc_mi.png,00010_HiFiC_mi.png,00010,00010
452,00010_HiFiC_hi.png,00010_hevc_hi.png,00010,00010
453,00012_HiFiC_lo.png,00012_hevc_lo.png,00012,00012
454,00012_HiFiC_mi.png,00012_hevc_mi.png,00012,00012
455,00012_hevc_hi.png,00012_HiFiC_hi.png,00012,00012
